conviction,agents_agreeing,direction,vix_level,vix_regime,veto_rule_based,signal_was_correct,false_rejection,false_acceptance,conv_bucket
0.797,6,SHORT,37.908,CRISIS,False,False,False,True,Alta (0.7-1.0)
0.495,1,NEUTRAL,23.016,NORMAL,True,True,True,False,Media (0.3-0.55)
0.873,3,LONG,24.904,NORMAL,False,True,False,False,Alta (0.7-1.0)
0.728,3,LONG,23.675,NORMAL,False,True,False,False,Alta (0.7-1.0)
0.185,5,NEUTRAL,13.925,LOW,True,False,False,False,Bassa (0-0.3)
0.978,1,SHORT,19.131,NORMAL,True,True,True,False,Alta (0.7-1.0)
0.785,3,SHORT,15.383,LOW,False,True,False,False,Alta (0.7-1.0)
0.807,1,LONG,22.248,NORMAL,True,True,True,False,Alta (0.7-1.0)
0.215,5,LONG,22.495,NORMAL,True,False,False,False,Bassa (0-0.3)
0.505,4,SHORT,24.050,NORMAL,True,False,False,False,Media (0.3-0.55)
0.434,3,LONG,12.182,LOW,True,True,True,False,Media (0.3-0.55)
0.934,3,LONG,27.696,ELEVATED,False,False,False,True,Alta (0.7-1.0)
0.679,1,SHORT,14.451,LOW,True,False,False,False,Buona (0.55-0.7)
0.840,6,SHORT,14.625,LOW,False,False,False,True,Alta (0.7-1.0)
0.499,4,NEUTRAL,20.423,NORMAL,True,False,False,False,Media (0.3-0.55)
0.305,2,LONG,13.562,LOW,True,False,False,False,Media (0.3-0.55)
0.599,3,LONG,23.051,NORMAL,False,False,False,True,Buona (0.55-0.7)
0.157,5,NEUTRAL,23.250,NORMAL,True,False,False,False,Bassa (0-0.3)
0.845,5,LONG,14.560,LOW,False,True,False,False,Alta (0.7-1.0)
0.668,3,LONG,29.370,ELEVATED,False,True,False,False,Buona (0.55-0.7)
0.782,2,LONG,27.291,ELEVATED,False,False,False,True,Alta (0.7-1.0)
0.419,4,SHORT,17.351,LOW,True,False,False,False,Media (0.3-0.55)
0.974,4,NEUTRAL,17.882,LOW,False,True,False,False,Alta (0.7-1.0)
0.904,4,SHORT,14.106,LOW,False,True,False,False,Alta (0.7-1.0)
0.801,1,SHORT,22.967,NORMAL,True,True,True,False,Alta (0.7-1.0)
0.275,3,LONG,11.781,LOW,True,False,False,False,Bassa (0-0.3)
0.520,4,LONG,20.927,NORMAL,True,True,True,False,Media (0.3-0.55)
0.139,6,LONG,23.452,NORMAL,True,True,True,False,Bassa (0-0.3)
0.239,4,LONG,13.057,LOW,True,True,True,False,Bassa (0-0.3)
0.715,3,LONG,24.080,NORMAL,False,False,False,True,Alta (0.7-1.0)
0.770,4,LONG,15.326,LOW,False,True,False,False,Alta (0.7-1.0)
0.971,2,LONG,49.840,CRISIS,False,True,False,False,Alta (0.7-1.0)
0.393,1,SHORT,26.352,ELEVATED,True,True,True,False,Media (0.3-0.55)
0.433,5,SHORT,24.006,NORMAL,True,False,False,False,Media (0.3-0.55)
0.523,6,LONG,19.822,NORMAL,True,True,True,False,Media (0.3-0.55)
0.271,6,LONG,24.428,NORMAL,True,False,False,False,Bassa (0-0.3)
0.217,4,SHORT,10.365,LOW,True,False,False,False,Bassa (0-0.3)
0.528,1,SHORT,24.929,NORMAL,True,True,True,False,Media (0.3-0.55)
0.304,6,NEUTRAL,14.173,LOW,True,False,False,False,Media (0.3-0.55)
0.703,3,LONG,21.302,NORMAL,False,True,False,False,Alta (0.7-1.0)
0.493,2,NEUTRAL,30.777,ELEVATED,True,True,True,False,Media (0.3-0.55)
0.849,6,LONG,17.176,LOW,False,False,False,True,Alta (0.7-1.0)
0.730,5,LONG,14.418,LOW,False,True,False,False,Alta (0.7-1.0)
0.381,5,LONG,22.680,NORMAL,True,False,False,False,Media (0.3-0.55)
0.849,2,LONG,26.357,ELEVATED,False,True,False,False,Alta (0.7-1.0)
0.824,6,LONG,20.990,NORMAL,False,True,False,False,Alta (0.7-1.0)
0.449,3,LONG,11.811,LOW,True,False,False,False,Media (0.3-0.55)
0.359,4,SHORT,12.179,LOW,True,False,False,False,Media (0.3-0.55)
0.714,5,LONG,20.193,NORMAL,False,False,False,True,Alta (0.7-1.0)
0.226,4,LONG,13.823,LOW,True,True,True,False,Bassa (0-0.3)
0.280,2,LONG,14.439,LOW,True,False,False,False,Bassa (0-0.3)
0.107,2,LONG,17.009,LOW,True,False,False,False,Bassa (0-0.3)
0.808,3,LONG,19.320,NORMAL,False,True,False,False,Alta (0.7-1.0)
0.698,6,LONG,18.852,NORMAL,False,True,False,False,Buona (0.55-0.7)
0.735,5,LONG,21.294,NORMAL,False,True,False,False,Alta (0.7-1.0)
0.803,3,SHORT,17.741,LOW,False,True,False,False,Alta (0.7-1.0)
0.513,5,NEUTRAL,11.555,LOW,True,False,False,False,Media (0.3-0.55)
0.612,5,LONG,31.834,ELEVATED,False,True,False,False,Buona (0.55-0.7)
0.226,3,SHORT,30.273,ELEVATED,True,False,False,False,Bassa (0-0.3)
0.203,3,NEUTRAL,25.591,ELEVATED,True,False,False,False,Bassa (0-0.3)
0.702,6,NEUTRAL,14.601,LOW,False,True,False,False,Alta (0.7-1.0)
0.524,4,SHORT,24.727,NORMAL,True,False,False,False,Media (0.3-0.55)
0.609,1,NEUTRAL,20.022,NORMAL,True,True,True,False,Buona (0.55-0.7)
0.788,5,NEUTRAL,20.330,NORMAL,False,False,False,True,Alta (0.7-1.0)
0.671,4,SHORT,27.803,ELEVATED,False,True,False,False,Buona (0.55-0.7)
0.598,4,LONG,10.561,LOW,False,False,False,True,Buona (0.55-0.7)
0.603,5,LONG,22.063,NORMAL,False,False,False,True,Buona (0.55-0.7)
0.374,6,LONG,11.165,LOW,True,False,False,False,Media (0.3-0.55)
0.128,2,LONG,48.413,CRISIS,True,False,False,False,Bassa (0-0.3)
0.493,3,LONG,11.104,LOW,True,False,False,False,Media (0.3-0.55)
0.293,2,LONG,48.120,CRISIS,True,True,True,False,Bassa (0-0.3)
0.468,4,SHORT,48.050,CRISIS,True,False,False,False,Media (0.3-0.55)
0.868,3,SHORT,11.423,LOW,False,True,False,False,Alta (0.7-1.0)
0.311,3,NEUTRAL,23.348,NORMAL,True,True,True,False,Media (0.3-0.55)
0.152,5,LONG,22.918,NORMAL,True,False,False,False,Bassa (0-0.3)
0.353,3,LONG,52.538,CRISIS,True,True,True,False,Media (0.3-0.55)
0.364,3,SHORT,46.997,CRISIS,True,True,True,False,Media (0.3-0.55)
0.696,3,NEUTRAL,24.253,NORMAL,False,False,False,True,Buona (0.55-0.7)
0.601,2,NEUTRAL,18.276,NORMAL,False,True,False,False,Buona (0.55-0.7)
0.806,1,NEUTRAL,44.190,CRISIS,True,False,False,False,Alta (0.7-1.0)
0.698,5,NEUTRAL,11.185,LOW,False,True,False,False,Buona (0.55-0.7)
0.466,1,LONG,13.864,LOW,True,False,False,False,Media (0.3-0.55)
0.833,2,LONG,10.534,LOW,False,False,False,True,Alta (0.7-1.0)
0.250,5,LONG,20.812,NORMAL,True,False,False,False,Bassa (0-0.3)
0.120,1,SHORT,30.390,ELEVATED,True,False,False,False,Bassa (0-0.3)
0.181,4,NEUTRAL,16.031,LOW,True,False,False,False,Bassa (0-0.3)
0.750,5,LONG,15.574,LOW,False,False,False,True,Alta (0.7-1.0)
0.516,4,SHORT,13.423,LOW,True,True,True,False,Media (0.3-0.55)
0.245,2,LONG,19.883,NORMAL,True,False,False,False,Bassa (0-0.3)
0.551,1,LONG,19.985,NORMAL,True,False,False,False,Buona (0.55-0.7)
0.237,6,LONG,22.046,NORMAL,True,False,False,False,Bassa (0-0.3)
0.727,2,LONG,28.514,ELEVATED,False,False,False,True,Alta (0.7-1.0)
0.502,5,NEUTRAL,19.949,NORMAL,True,True,True,False,Media (0.3-0.55)
0.443,2,LONG,20.760,NORMAL,True,False,False,False,Media (0.3-0.55)
0.371,1,NEUTRAL,23.096,NORMAL,True,True,True,False,Media (0.3-0.55)
0.667,5,SHORT,22.266,NORMAL,False,True,False,False,Buona (0.55-0.7)
0.426,6,LONG,13.380,LOW,True,False,False,False,Media (0.3-0.55)
0.179,6,LONG,24.181,NORMAL,True,False,False,False,Bassa (0-0.3)
0.206,5,NEUTRAL,57.917,CRISIS,True,False,False,False,Bassa (0-0.3)
0.966,2,LONG,21.549,NORMAL,False,False,False,True,Alta (0.7-1.0)
0.918,6,NEUTRAL,17.260,LOW,False,True,False,False,Alta (0.7-1.0)
0.730,5,LONG,14.578,LOW,False,True,False,False,Alta (0.7-1.0)
0.339,2,SHORT,13.312,LOW,True,True,True,False,Media (0.3-0.55)
0.972,1,NEUTRAL,30.370,ELEVATED,True,True,True,False,Alta (0.7-1.0)
0.801,6,LONG,27.204,ELEVATED,False,True,False,False,Alta (0.7-1.0)
0.745,2,LONG,14.905,LOW,False,False,False,True,Alta (0.7-1.0)
0.504,5,NEUTRAL,35.009,CRISIS,True,True,True,False,Media (0.3-0.55)
0.345,1,LONG,22.422,NORMAL,True,True,True,False,Media (0.3-0.55)
0.187,2,LONG,18.807,NORMAL,True,True,True,False,Bassa (0-0.3)
0.912,2,LONG,59.801,CRISIS,False,True,False,False,Alta (0.7-1.0)
0.510,2,LONG,13.781,LOW,True,True,True,False,Media (0.3-0.55)
0.282,5,SHORT,21.704,NORMAL,True,False,False,False,Bassa (0-0.3)
0.375,6,SHORT,12.449,LOW,True,True,True,False,Media (0.3-0.55)
0.621,6,LONG,22.737,NORMAL,False,False,False,True,Buona (0.55-0.7)
0.259,5,NEUTRAL,14.771,LOW,True,False,False,False,Bassa (0-0.3)
0.871,2,LONG,15.367,LOW,False,True,False,False,Alta (0.7-1.0)
0.783,6,LONG,19.309,NORMAL,False,True,False,False,Alta (0.7-1.0)
0.748,4,SHORT,15.699,LOW,False,True,False,False,Alta (0.7-1.0)
0.489,4,NEUTRAL,17.863,LOW,True,True,True,False,Media (0.3-0.55)
0.665,5,LONG,19.265,NORMAL,False,True,False,False,Buona (0.55-0.7)
0.626,5,LONG,10.493,LOW,False,False,False,True,Buona (0.55-0.7)
0.685,6,SHORT,30.763,ELEVATED,False,True,False,False,Buona (0.55-0.7)
0.176,4,NEUTRAL,20.741,NORMAL,True,False,False,False,Bassa (0-0.3)
0.474,4,LONG,12.909,LOW,True,True,True,False,Media (0.3-0.55)
0.137,5,LONG,22.693,NORMAL,True,False,False,False,Bassa (0-0.3)
0.545,2,SHORT,27.170,ELEVATED,True,False,False,False,Media (0.3-0.55)
0.397,2,LONG,49.462,CRISIS,True,False,False,False,Media (0.3-0.55)
0.230,4,LONG,20.226,NORMAL,True,False,False,False,Bassa (0-0.3)
0.193,1,LONG,10.917,LOW,True,False,False,False,Bassa (0-0.3)
0.629,2,LONG,13.101,LOW,False,False,False,True,Buona (0.55-0.7)
0.254,5,LONG,11.940,LOW,True,True,True,False,Bassa (0-0.3)
0.933,6,NEUTRAL,20.311,NORMAL,False,True,False,False,Alta (0.7-1.0)
0.623,4,SHORT,13.312,LOW,False,False,False,True,Buona (0.55-0.7)
0.412,3,SHORT,19.860,NORMAL,True,False,False,False,Media (0.3-0.55)
0.632,3,NEUTRAL,12.323,LOW,False,True,False,False,Buona (0.55-0.7)
0.121,5,LONG,22.801,NORMAL,True,False,False,False,Bassa (0-0.3)
0.963,4,LONG,14.757,LOW,False,True,False,False,Alta (0.7-1.0)
0.534,1,NEUTRAL,16.211,LOW,True,False,False,False,Media (0.3-0.55)
0.804,4,LONG,18.061,NORMAL,False,True,False,False,Alta (0.7-1.0)
0.174,3,SHORT,12.475,LOW,True,False,False,False,Bassa (0-0.3)
0.538,5,SHORT,23.124,NORMAL,True,False,False,False,Media (0.3-0.55)
0.542,6,LONG,13.018,LOW,True,True,True,False,Media (0.3-0.55)
0.944,6,LONG,42.011,CRISIS,False,True,False,False,Alta (0.7-1.0)
0.615,4,LONG,23.422,NORMAL,False,False,False,True,Buona (0.55-0.7)
0.526,3,LONG,20.697,NORMAL,True,True,True,False,Media (0.3-0.55)
0.340,3,LONG,23.065,NORMAL,True,True,True,False,Media (0.3-0.55)
0.398,2,LONG,24.881,NORMAL,True,False,False,False,Media (0.3-0.55)
0.569,6,SHORT,16.825,LOW,False,True,False,False,Buona (0.55-0.7)
0.495,6,NEUTRAL,17.609,LOW,True,True,True,False,Media (0.3-0.55)
0.119,6,NEUTRAL,29.746,ELEVATED,True,False,False,False,Bassa (0-0.3)
0.844,2,LONG,13.555,LOW,False,False,False,True,Alta (0.7-1.0)
0.907,2,LONG,10.226,LOW,False,True,False,False,Alta (0.7-1.0)
0.226,6,LONG,20.021,NORMAL,True,True,True,False,Bassa (0-0.3)
0.599,4,LONG,20.195,NORMAL,False,True,False,False,Buona (0.55-0.7)
0.198,5,NEUTRAL,21.424,NORMAL,True,True,True,False,Bassa (0-0.3)
0.705,3,LONG,22.852,NORMAL,False,True,False,False,Alta (0.7-1.0)
0.353,3,LONG,23.794,NORMAL,True,True,True,False,Media (0.3-0.55)
0.693,4,NEUTRAL,32.387,ELEVATED,False,True,False,False,Buona (0.55-0.7)
0.754,5,LONG,18.870,NORMAL,False,True,False,False,Alta (0.7-1.0)
0.792,3,LONG,35.331,CRISIS,False,False,False,True,Alta (0.7-1.0)
0.197,5,LONG,11.772,LOW,True,True,True,False,Bassa (0-0.3)
0.924,2,SHORT,34.755,ELEVATED,False,True,False,False,Alta (0.7-1.0)
0.307,3,SHORT,14.047,LOW,True,False,False,False,Media (0.3-0.55)
0.134,6,LONG,26.888,ELEVATED,True,False,False,False,Bassa (0-0.3)
0.599,6,NEUTRAL,44.352,CRISIS,True,False,False,False,Buona (0.55-0.7)
0.434,6,NEUTRAL,23.965,NORMAL,True,True,True,False,Media (0.3-0.55)
0.847,2,NEUTRAL,19.583,NORMAL,False,True,False,False,Alta (0.7-1.0)
0.827,6,LONG,19.442,NORMAL,False,True,False,False,Alta (0.7-1.0)
0.385,6,LONG,11.508,LOW,True,True,True,False,Media (0.3-0.55)
0.958,6,NEUTRAL,12.023,LOW,False,True,False,False,Alta (0.7-1.0)
0.362,1,LONG,18.316,NORMAL,True,False,False,False,Media (0.3-0.55)
0.564,5,SHORT,26.179,ELEVATED,False,True,False,False,Buona (0.55-0.7)
0.330,6,SHORT,23.270,NORMAL,True,False,False,False,Media (0.3-0.55)
0.942,5,LONG,24.681,NORMAL,False,True,False,False,Alta (0.7-1.0)
0.248,2,SHORT,20.279,NORMAL,True,False,False,False,Bassa (0-0.3)
0.140,5,NEUTRAL,25.070,ELEVATED,True,False,False,False,Bassa (0-0.3)
0.492,1,SHORT,19.738,NORMAL,True,False,False,False,Media (0.3-0.55)
0.993,3,LONG,24.688,NORMAL,False,True,False,False,Alta (0.7-1.0)
0.903,4,NEUTRAL,20.995,NORMAL,False,True,False,False,Alta (0.7-1.0)
0.774,3,SHORT,23.485,NORMAL,False,True,False,False,Alta (0.7-1.0)
0.902,5,SHORT,12.477,LOW,False,True,False,False,Alta (0.7-1.0)
0.904,2,NEUTRAL,43.178,CRISIS,False,True,False,False,Alta (0.7-1.0)
0.567,4,SHORT,21.806,NORMAL,False,True,False,False,Buona (0.55-0.7)
0.384,4,LONG,20.721,NORMAL,True,False,False,False,Media (0.3-0.55)
0.795,4,LONG,26.393,ELEVATED,False,True,False,False,Alta (0.7-1.0)
0.695,2,LONG,15.407,LOW,False,True,False,False,Buona (0.55-0.7)
0.436,2,SHORT,10.887,LOW,True,True,True,False,Media (0.3-0.55)
0.185,2,SHORT,11.752,LOW,True,False,False,False,Bassa (0-0.3)
0.772,3,SHORT,17.258,LOW,False,False,False,True,Alta (0.7-1.0)
0.336,4,LONG,21.851,NORMAL,True,False,False,False,Media (0.3-0.55)
0.943,3,SHORT,10.832,LOW,False,True,False,False,Alta (0.7-1.0)
0.317,3,NEUTRAL,24.856,NORMAL,True,True,True,False,Media (0.3-0.55)
0.210,2,LONG,30.864,ELEVATED,True,False,False,False,Bassa (0-0.3)
0.848,2,SHORT,16.422,LOW,False,True,False,False,Alta (0.7-1.0)
0.238,4,SHORT,20.467,NORMAL,True,False,False,False,Bassa (0-0.3)
0.261,5,SHORT,23.604,NORMAL,True,False,False,False,Bassa (0-0.3)
0.639,2,LONG,28.908,ELEVATED,False,True,False,False,Buona (0.55-0.7)
0.887,6,SHORT,32.320,ELEVATED,False,True,False,False,Alta (0.7-1.0)
0.277,4,NEUTRAL,34.009,ELEVATED,True,True,True,False,Bassa (0-0.3)
0.379,2,SHORT,15.279,LOW,True,True,True,False,Media (0.3-0.55)
0.800,3,NEUTRAL,33.089,ELEVATED,False,True,False,False,Alta (0.7-1.0)
0.975,1,NEUTRAL,19.622,NORMAL,True,False,False,False,Alta (0.7-1.0)
0.551,1,LONG,18.713,NORMAL,True,True,True,False,Buona (0.55-0.7)
0.230,3,SHORT,13.068,LOW,True,False,False,False,Bassa (0-0.3)
0.113,3,LONG,16.818,LOW,True,False,False,False,Bassa (0-0.3)
0.307,5,NEUTRAL,12.549,LOW,True,True,True,False,Media (0.3-0.55)
0.219,1,LONG,19.663,NORMAL,True,True,True,False,Bassa (0-0.3)
0.710,6,LONG,14.846,LOW,False,True,False,False,Alta (0.7-1.0)
0.210,2,NEUTRAL,13.443,LOW,True,False,False,False,Bassa (0-0.3)
0.556,1,LONG,13.896,LOW,True,True,True,False,Buona (0.55-0.7)
0.725,5,SHORT,19.270,NORMAL,False,False,False,True,Alta (0.7-1.0)
0.623,5,LONG,13.280,LOW,False,False,False,True,Buona (0.55-0.7)
0.280,4,NEUTRAL,33.138,ELEVATED,True,False,False,False,Bassa (0-0.3)
0.824,1,NEUTRAL,25.563,ELEVATED,True,False,False,False,Alta (0.7-1.0)
0.744,1,LONG,18.802,NORMAL,True,False,False,False,Alta (0.7-1.0)
0.765,3,SHORT,33.931,ELEVATED,False,False,False,True,Alta (0.7-1.0)
0.218,3,LONG,13.463,LOW,True,False,False,False,Bassa (0-0.3)
0.211,6,SHORT,11.935,LOW,True,False,False,False,Bassa (0-0.3)
0.935,2,SHORT,18.073,NORMAL,False,True,False,False,Alta (0.7-1.0)
0.458,2,NEUTRAL,16.344,LOW,True,False,False,False,Media (0.3-0.55)
0.371,6,LONG,12.028,LOW,True,False,False,False,Media (0.3-0.55)
0.540,1,LONG,12.874,LOW,True,False,False,False,Media (0.3-0.55)
0.697,1,SHORT,28.862,ELEVATED,True,True,True,False,Buona (0.55-0.7)
0.960,3,SHORT,34.744,ELEVATED,False,True,False,False,Alta (0.7-1.0)
0.358,3,LONG,14.993,LOW,True,False,False,False,Media (0.3-0.55)
0.932,4,LONG,15.140,LOW,False,True,False,False,Alta (0.7-1.0)
0.122,6,LONG,31.802,ELEVATED,True,False,False,False,Bassa (0-0.3)
0.600,6,NEUTRAL,32.556,ELEVATED,False,False,False,True,Buona (0.55-0.7)
0.671,2,LONG,22.655,NORMAL,False,True,False,False,Buona (0.55-0.7)
0.195,6,LONG,23.412,NORMAL,True,False,False,False,Bassa (0-0.3)
0.226,4,NEUTRAL,22.730,NORMAL,True,False,False,False,Bassa (0-0.3)
0.477,1,LONG,17.442,LOW,True,False,False,False,Media (0.3-0.55)
0.970,6,SHORT,55.970,CRISIS,False,False,False,True,Alta (0.7-1.0)
0.636,1,LONG,19.202,NORMAL,True,True,True,False,Buona (0.55-0.7)
0.940,4,NEUTRAL,20.806,NORMAL,False,True,False,False,Alta (0.7-1.0)
0.824,5,SHORT,23.476,NORMAL,False,True,False,False,Alta (0.7-1.0)
0.521,2,NEUTRAL,24.202,NORMAL,True,False,False,False,Media (0.3-0.55)
0.806,2,LONG,11.714,LOW,False,True,False,False,Alta (0.7-1.0)
0.116,3,SHORT,34.934,ELEVATED,True,False,False,False,Bassa (0-0.3)
0.198,6,SHORT,14.442,LOW,True,False,False,False,Bassa (0-0.3)
0.846,2,LONG,16.104,LOW,False,True,False,False,Alta (0.7-1.0)
0.817,4,LONG,12.351,LOW,False,True,False,False,Alta (0.7-1.0)
0.309,3,LONG,34.332,ELEVATED,True,True,True,False,Media (0.3-0.55)
0.578,1,NEUTRAL,26.549,ELEVATED,True,False,False,False,Buona (0.55-0.7)
0.645,5,SHORT,14.608,LOW,False,True,False,False,Buona (0.55-0.7)
0.881,5,SHORT,22.237,NORMAL,False,True,False,False,Alta (0.7-1.0)
0.643,4,SHORT,20.531,NORMAL,False,False,False,True,Buona (0.55-0.7)
0.471,2,SHORT,55.259,CRISIS,True,True,True,False,Media (0.3-0.55)
0.437,1,LONG,54.661,CRISIS,True,False,False,False,Media (0.3-0.55)
0.483,3,LONG,24.272,NORMAL,True,True,True,False,Media (0.3-0.55)
0.687,4,SHORT,23.158,NORMAL,False,True,False,False,Buona (0.55-0.7)
0.881,4,LONG,24.472,NORMAL,False,True,False,False,Alta (0.7-1.0)
0.509,2,NEUTRAL,32.776,ELEVATED,True,False,False,False,Media (0.3-0.55)
0.323,4,NEUTRAL,24.197,NORMAL,True,False,False,False,Media (0.3-0.55)
0.313,2,LONG,53.795,CRISIS,True,False,False,False,Media (0.3-0.55)
0.771,5,SHORT,17.293,LOW,False,True,False,False,Alta (0.7-1.0)
0.835,5,LONG,27.515,ELEVATED,False,True,False,False,Alta (0.7-1.0)
0.195,4,NEUTRAL,12.532,LOW,True,False,False,False,Bassa (0-0.3)
0.160,1,NEUTRAL,21.068,NORMAL,True,False,False,False,Bassa (0-0.3)
0.635,6,NEUTRAL,11.543,LOW,False,False,False,True,Buona (0.55-0.7)
0.232,1,LONG,24.878,NORMAL,True,True,True,False,Bassa (0-0.3)
0.842,6,LONG,21.789,NORMAL,False,False,False,True,Alta (0.7-1.0)
0.379,1,LONG,29.640,ELEVATED,True,True,True,False,Media (0.3-0.55)
0.229,4,LONG,17.421,LOW,True,True,True,False,Bassa (0-0.3)
0.929,1,LONG,24.516,NORMAL,True,True,True,False,Alta (0.7-1.0)
0.249,1,LONG,20.085,NORMAL,True,True,True,False,Bassa (0-0.3)
0.356,5,NEUTRAL,12.035,LOW,True,False,False,False,Media (0.3-0.55)
0.238,5,LONG,13.402,LOW,True,False,False,False,Bassa (0-0.3)
0.204,1,LONG,27.289,ELEVATED,True,False,False,False,Bassa (0-0.3)
0.119,6,NEUTRAL,16.496,LOW,True,False,False,False,Bassa (0-0.3)
0.150,2,SHORT,12.931,LOW,True,False,False,False,Bassa (0-0.3)
0.257,2,SHORT,13.001,LOW,True,False,False,False,Bassa (0-0.3)
0.148,2,SHORT,12.372,LOW,True,False,False,False,Bassa (0-0.3)
0.632,3,NEUTRAL,16.145,LOW,False,False,False,True,Buona (0.55-0.7)
0.713,2,SHORT,25.658,ELEVATED,False,False,False,True,Alta (0.7-1.0)
0.454,3,SHORT,51.361,CRISIS,True,False,False,False,Media (0.3-0.55)
0.386,2,SHORT,44.688,CRISIS,True,False,False,False,Media (0.3-0.55)
0.554,1,LONG,42.855,CRISIS,True,False,False,False,Buona (0.55-0.7)
0.888,3,LONG,21.120,NORMAL,False,True,False,False,Alta (0.7-1.0)
0.866,5,LONG,10.784,LOW,False,True,False,False,Alta (0.7-1.0)
0.139,5,LONG,21.782,NORMAL,True,False,False,False,Bassa (0-0.3)
0.263,3,SHORT,29.155,ELEVATED,True,True,True,False,Bassa (0-0.3)
0.313,2,LONG,23.369,NORMAL,True,False,False,False,Media (0.3-0.55)
0.324,5,LONG,28.142,ELEVATED,True,False,False,False,Media (0.3-0.55)
0.614,5,LONG,21.875,NORMAL,False,True,False,False,Buona (0.55-0.7)
0.475,5,NEUTRAL,20.157,NORMAL,True,False,False,False,Media (0.3-0.55)
0.144,6,LONG,28.570,ELEVATED,True,False,False,False,Bassa (0-0.3)
0.436,5,SHORT,14.024,LOW,True,False,False,False,Media (0.3-0.55)
0.571,6,NEUTRAL,12.899,LOW,False,True,False,False,Buona (0.55-0.7)
0.192,3,LONG,20.642,NORMAL,True,False,False,False,Bassa (0-0.3)
0.850,3,SHORT,49.910,CRISIS,False,True,False,False,Alta (0.7-1.0)
0.147,2,LONG,18.173,NORMAL,True,False,False,False,Bassa (0-0.3)
0.932,2,LONG,45.016,CRISIS,False,True,False,False,Alta (0.7-1.0)
0.189,5,SHORT,19.914,NORMAL,True,True,True,False,Bassa (0-0.3)
0.859,5,NEUTRAL,14.969,LOW,False,True,False,False,Alta (0.7-1.0)
0.912,5,LONG,19.345,NORMAL,False,True,False,False,Alta (0.7-1.0)
0.982,2,SHORT,17.477,LOW,False,True,False,False,Alta (0.7-1.0)
0.822,3,LONG,22.930,NORMAL,False,True,False,False,Alta (0.7-1.0)
0.802,2,SHORT,12.842,LOW,False,False,False,True,Alta (0.7-1.0)
0.678,6,SHORT,18.183,NORMAL,False,True,False,False,Buona (0.55-0.7)
0.801,2,SHORT,12.660,LOW,False,True,False,False,Alta (0.7-1.0)
0.221,1,SHORT,21.581,NORMAL,True,True,True,False,Bassa (0-0.3)
0.582,4,LONG,18.540,NORMAL,False,True,False,False,Buona (0.55-0.7)
0.563,6,SHORT,18.862,NORMAL,False,True,False,False,Buona (0.55-0.7)
0.872,6,SHORT,21.579,NORMAL,False,True,False,False,Alta (0.7-1.0)
0.517,1,SHORT,57.524,CRISIS,True,True,True,False,Media (0.3-0.55)
0.447,2,LONG,25.677,ELEVATED,True,True,True,False,Media (0.3-0.55)
0.676,1,LONG,29.652,ELEVATED,True,False,False,False,Buona (0.55-0.7)
0.340,2,LONG,44.964,CRISIS,True,False,False,False,Media (0.3-0.55)
0.226,4,LONG,22.598,NORMAL,True,False,False,False,Bassa (0-0.3)
0.530,2,LONG,18.049,NORMAL,True,False,False,False,Media (0.3-0.55)
0.475,1,LONG,13.845,LOW,True,False,False,False,Media (0.3-0.55)
0.309,4,SHORT,22.416,NORMAL,True,True,True,False,Media (0.3-0.55)
0.431,1,LONG,21.674,NORMAL,True,False,False,False,Media (0.3-0.55)
0.430,2,NEUTRAL,19.846,NORMAL,True,True,True,False,Media (0.3-0.55)
0.395,1,SHORT,17.758,LOW,True,False,False,False,Media (0.3-0.55)
0.442,1,SHORT,24.415,NORMAL,True,True,True,False,Media (0.3-0.55)
0.717,3,LONG,23.079,NORMAL,False,True,False,False,Alta (0.7-1.0)
0.367,6,LONG,25.818,ELEVATED,True,True,True,False,Media (0.3-0.55)
0.954,5,SHORT,52.959,CRISIS,False,True,False,False,Alta (0.7-1.0)
0.925,1,NEUTRAL,17.071,LOW,True,False,False,False,Alta (0.7-1.0)
0.533,1,LONG,12.090,LOW,True,False,False,False,Media (0.3-0.55)
0.396,3,SHORT,25.916,ELEVATED,True,False,False,False,Media (0.3-0.55)
0.582,4,SHORT,53.628,CRISIS,True,True,True,False,Buona (0.55-0.7)
0.864,5,SHORT,22.523,NORMAL,False,True,False,False,Alta (0.7-1.0)
0.687,5,LONG,15.883,LOW,False,False,False,True,Buona (0.55-0.7)
0.824,3,SHORT,25.726,ELEVATED,False,True,False,False,Alta (0.7-1.0)
0.579,2,LONG,31.079,ELEVATED,False,True,False,False,Buona (0.55-0.7)
0.670,1,NEUTRAL,29.003,ELEVATED,True,True,True,False,Buona (0.55-0.7)
0.359,1,LONG,25.436,ELEVATED,True,False,False,False,Media (0.3-0.55)
0.761,1,LONG,22.392,NORMAL,True,True,True,False,Alta (0.7-1.0)
0.282,6,NEUTRAL,18.156,NORMAL,True,False,False,False,Bassa (0-0.3)
0.725,2,LONG,20.651,NORMAL,False,True,False,False,Alta (0.7-1.0)
0.875,5,LONG,24.111,NORMAL,False,True,False,False,Alta (0.7-1.0)
0.219,4,LONG,15.987,LOW,True,False,False,False,Bassa (0-0.3)
0.653,4,LONG,19.355,NORMAL,False,True,False,False,Buona (0.55-0.7)
0.186,3,LONG,17.953,LOW,True,False,False,False,Bassa (0-0.3)
0.753,5,LONG,32.183,ELEVATED,False,True,False,False,Alta (0.7-1.0)
0.176,1,SHORT,25.498,ELEVATED,True,True,True,False,Bassa (0-0.3)
0.942,1,SHORT,19.742,NORMAL,True,True,True,False,Alta (0.7-1.0)
0.224,3,LONG,10.923,LOW,True,False,False,False,Bassa (0-0.3)
0.963,3,SHORT,15.540,LOW,False,True,False,False,Alta (0.7-1.0)
0.821,4,LONG,10.635,LOW,False,True,False,False,Alta (0.7-1.0)
0.634,5,NEUTRAL,30.914,ELEVATED,False,False,False,True,Buona (0.55-0.7)
0.804,4,LONG,40.797,CRISIS,False,True,False,False,Alta (0.7-1.0)
0.816,2,SHORT,11.550,LOW,False,False,False,True,Alta (0.7-1.0)
0.951,2,LONG,11.887,LOW,False,True,False,False,Alta (0.7-1.0)
0.328,5,SHORT,13.777,LOW,True,False,False,False,Media (0.3-0.55)
0.631,2,LONG,18.247,NORMAL,False,False,False,True,Buona (0.55-0.7)
0.186,4,SHORT,15.999,LOW,True,True,True,False,Bassa (0-0.3)
0.655,4,LONG,13.644,LOW,False,True,False,False,Buona (0.55-0.7)
0.254,5,NEUTRAL,21.353,NORMAL,True,False,False,False,Bassa (0-0.3)
0.608,5,SHORT,19.331,NORMAL,False,True,False,False,Buona (0.55-0.7)
0.615,3,SHORT,14.965,LOW,False,True,False,False,Buona (0.55-0.7)
0.519,2,NEUTRAL,13.231,LOW,True,True,True,False,Media (0.3-0.55)
0.570,3,NEUTRAL,18.331,NORMAL,False,False,False,True,Buona (0.55-0.7)
0.788,3,LONG,24.874,NORMAL,False,True,False,False,Alta (0.7-1.0)
0.819,2,LONG,29.100,ELEVATED,False,False,False,True,Alta (0.7-1.0)
0.543,4,LONG,13.900,LOW,True,True,True,False,Media (0.3-0.55)
0.640,2,LONG,15.956,LOW,False,False,False,True,Buona (0.55-0.7)
0.938,4,SHORT,25.676,ELEVATED,False,True,False,False,Alta (0.7-1.0)
0.208,5,NEUTRAL,11.093,LOW,True,False,False,False,Bassa (0-0.3)
0.205,6,NEUTRAL,17.810,LOW,True,True,True,False,Bassa (0-0.3)
0.179,1,SHORT,18.546,NORMAL,True,False,False,False,Bassa (0-0.3)
0.692,5,SHORT,32.742,ELEVATED,False,True,False,False,Buona (0.55-0.7)
0.477,1,NEUTRAL,17.120,LOW,True,False,False,False,Media (0.3-0.55)
0.797,3,NEUTRAL,25.915,ELEVATED,False,True,False,False,Alta (0.7-1.0)
0.704,2,LONG,33.027,ELEVATED,False,True,False,False,Alta (0.7-1.0)
0.400,1,SHORT,11.188,LOW,True,True,True,False,Media (0.3-0.55)
0.909,2,NEUTRAL,36.723,CRISIS,False,True,False,False,Alta (0.7-1.0)
0.786,1,LONG,13.323,LOW,True,True,True,False,Alta (0.7-1.0)
0.343,5,LONG,12.542,LOW,True,True,True,False,Media (0.3-0.55)
0.428,1,NEUTRAL,15.671,LOW,True,True,True,False,Media (0.3-0.55)
0.383,3,NEUTRAL,31.688,ELEVATED,True,True,True,False,Media (0.3-0.55)
0.242,5,NEUTRAL,31.015,ELEVATED,True,True,True,False,Bassa (0-0.3)
0.233,6,SHORT,32.970,ELEVATED,True,False,False,False,Bassa (0-0.3)
0.943,6,LONG,15.151,LOW,False,True,False,False,Alta (0.7-1.0)
0.494,1,LONG,10.121,LOW,True,True,True,False,Media (0.3-0.55)
0.445,6,SHORT,22.871,NORMAL,True,False,False,False,Media (0.3-0.55)
0.757,4,SHORT,18.322,NORMAL,False,True,False,False,Alta (0.7-1.0)
0.598,2,SHORT,26.652,ELEVATED,False,True,False,False,Buona (0.55-0.7)
0.943,3,SHORT,31.281,ELEVATED,False,True,False,False,Alta (0.7-1.0)
0.802,6,LONG,25.576,ELEVATED,False,False,False,True,Alta (0.7-1.0)
0.531,3,SHORT,26.145,ELEVATED,True,False,False,False,Media (0.3-0.55)
0.439,2,LONG,17.697,LOW,True,False,False,False,Media (0.3-0.55)
0.988,6,LONG,21.161,NORMAL,False,False,False,True,Alta (0.7-1.0)
0.746,6,LONG,10.419,LOW,False,True,False,False,Alta (0.7-1.0)
0.956,6,LONG,20.512,NORMAL,False,False,False,True,Alta (0.7-1.0)
0.207,6,NEUTRAL,14.212,LOW,True,False,False,False,Bassa (0-0.3)
0.865,6,LONG,14.768,LOW,False,False,False,True,Alta (0.7-1.0)
0.673,3,LONG,13.638,LOW,False,True,False,False,Buona (0.55-0.7)
0.210,2,SHORT,14.084,LOW,True,True,True,False,Bassa (0-0.3)
0.629,4,SHORT,16.863,LOW,False,False,False,True,Buona (0.55-0.7)
0.717,2,LONG,23.621,NORMAL,False,True,False,False,Alta (0.7-1.0)
0.111,3,LONG,25.246,ELEVATED,True,False,False,False,Bassa (0-0.3)
0.509,4,LONG,21.787,NORMAL,True,False,False,False,Media (0.3-0.55)
0.843,6,SHORT,21.848,NORMAL,False,True,False,False,Alta (0.7-1.0)
0.366,2,LONG,11.457,LOW,True,True,True,False,Media (0.3-0.55)
0.513,2,LONG,10.974,LOW,True,True,True,False,Media (0.3-0.55)
0.498,5,LONG,12.177,LOW,True,True,True,False,Media (0.3-0.55)
0.372,1,SHORT,28.735,ELEVATED,True,True,True,False,Media (0.3-0.55)
0.927,4,LONG,20.189,NORMAL,False,True,False,False,Alta (0.7-1.0)
0.803,5,NEUTRAL,28.547,ELEVATED,False,False,False,True,Alta (0.7-1.0)
0.200,4,LONG,51.837,CRISIS,True,False,False,False,Bassa (0-0.3)
0.997,3,SHORT,43.714,CRISIS,False,True,False,False,Alta (0.7-1.0)
0.891,5,LONG,11.721,LOW,False,True,False,False,Alta (0.7-1.0)
0.356,3,LONG,33.473,ELEVATED,True,False,False,False,Media (0.3-0.55)
0.853,5,LONG,12.767,LOW,False,False,False,True,Alta (0.7-1.0)
0.196,3,NEUTRAL,29.250,ELEVATED,True,False,False,False,Bassa (0-0.3)
0.999,1,NEUTRAL,17.424,LOW,True,True,True,False,Alta (0.7-1.0)
0.699,4,LONG,13.187,LOW,False,False,False,True,Buona (0.55-0.7)
0.685,1,LONG,28.181,ELEVATED,True,True,True,False,Buona (0.55-0.7)
0.181,6,NEUTRAL,24.872,NORMAL,True,False,False,False,Bassa (0-0.3)
0.907,4,SHORT,13.232,LOW,False,False,False,True,Alta (0.7-1.0)
0.126,3,LONG,11.871,LOW,True,False,False,False,Bassa (0-0.3)
0.317,3,LONG,11.031,LOW,True,False,False,False,Media (0.3-0.55)
0.229,4,SHORT,25.491,ELEVATED,True,False,False,False,Bassa (0-0.3)
0.799,2,SHORT,13.458,LOW,False,True,False,False,Alta (0.7-1.0)
0.278,2,SHORT,14.306,LOW,True,False,False,False,Bassa (0-0.3)
0.920,3,NEUTRAL,13.856,LOW,False,True,False,False,Alta (0.7-1.0)
0.691,2,LONG,31.819,ELEVATED,False,True,False,False,Buona (0.55-0.7)
0.133,5,LONG,20.696,NORMAL,True,False,False,False,Bassa (0-0.3)
0.105,1,LONG,34.700,ELEVATED,True,False,False,False,Bassa (0-0.3)
0.146,5,LONG,24.703,NORMAL,True,False,False,False,Bassa (0-0.3)
0.645,3,LONG,20.762,NORMAL,False,False,False,True,Buona (0.55-0.7)
0.821,4,LONG,13.363,LOW,False,True,False,False,Alta (0.7-1.0)
0.315,1,LONG,17.846,LOW,True,False,False,False,Media (0.3-0.55)
0.864,3,SHORT,23.125,NORMAL,False,True,False,False,Alta (0.7-1.0)
0.152,5,LONG,16.688,LOW,True,False,False,False,Bassa (0-0.3)
0.821,2,LONG,23.305,NORMAL,False,True,False,False,Alta (0.7-1.0)
0.935,1,SHORT,45.533,CRISIS,True,False,False,False,Alta (0.7-1.0)
0.795,4,SHORT,14.328,LOW,False,True,False,False,Alta (0.7-1.0)
0.728,1,SHORT,20.305,NORMAL,True,True,True,False,Alta (0.7-1.0)
0.854,2,NEUTRAL,34.222,ELEVATED,False,True,False,False,Alta (0.7-1.0)
0.136,3,SHORT,18.965,NORMAL,True,True,True,False,Bassa (0-0.3)
0.282,4,LONG,15.461,LOW,True,False,False,False,Bassa (0-0.3)
0.212,4,LONG,20.879,NORMAL,True,True,True,False,Bassa (0-0.3)
0.554,5,SHORT,18.430,NORMAL,False,True,False,False,Buona (0.55-0.7)
0.771,6,LONG,33.062,ELEVATED,False,True,False,False,Alta (0.7-1.0)
0.667,1,LONG,32.168,ELEVATED,True,True,True,False,Buona (0.55-0.7)
0.866,3,LONG,22.212,NORMAL,False,True,False,False,Alta (0.7-1.0)
0.240,1,LONG,33.511,ELEVATED,True,True,True,False,Bassa (0-0.3)
0.761,1,LONG,12.107,LOW,True,True,True,False,Alta (0.7-1.0)
0.274,2,LONG,24.832,NORMAL,True,True,True,False,Bassa (0-0.3)
0.344,4,NEUTRAL,19.300,NORMAL,True,False,False,False,Media (0.3-0.55)
0.739,6,NEUTRAL,11.205,LOW,False,True,False,False,Alta (0.7-1.0)
0.982,5,LONG,11.520,LOW,False,True,False,False,Alta (0.7-1.0)
0.650,4,NEUTRAL,28.691,ELEVATED,False,True,False,False,Buona (0.55-0.7)
0.149,5,LONG,29.627,ELEVATED,True,True,True,False,Bassa (0-0.3)
0.655,2,NEUTRAL,14.171,LOW,False,False,False,True,Buona (0.55-0.7)
0.138,6,NEUTRAL,17.558,LOW,True,False,False,False,Bassa (0-0.3)
0.896,6,LONG,12.077,LOW,False,True,False,False,Alta (0.7-1.0)
0.739,1,SHORT,13.594,LOW,True,False,False,False,Alta (0.7-1.0)
0.256,3,NEUTRAL,26.459,ELEVATED,True,False,False,False,Bassa (0-0.3)
0.183,5,NEUTRAL,50.460,CRISIS,True,False,False,False,Bassa (0-0.3)
0.265,3,NEUTRAL,19.079,NORMAL,True,True,True,False,Bassa (0-0.3)
0.982,6,SHORT,24.476,NORMAL,False,True,False,False,Alta (0.7-1.0)
0.513,6,LONG,20.932,NORMAL,True,False,False,False,Media (0.3-0.55)
0.806,3,NEUTRAL,22.617,NORMAL,False,False,False,True,Alta (0.7-1.0)
0.673,1,SHORT,24.871,NORMAL,True,True,True,False,Buona (0.55-0.7)
0.615,3,SHORT,20.291,NORMAL,False,True,False,False,Buona (0.55-0.7)
0.231,2,LONG,23.709,NORMAL,True,False,False,False,Bassa (0-0.3)
0.951,3,SHORT,22.257,NORMAL,False,True,False,False,Alta (0.7-1.0)
0.371,4,LONG,25.587,ELEVATED,True,False,False,False,Media (0.3-0.55)
0.620,3,SHORT,19.193,NORMAL,False,True,False,False,Buona (0.55-0.7)
0.730,2,LONG,27.159,ELEVATED,False,True,False,False,Alta (0.7-1.0)
0.684,2,SHORT,12.282,LOW,False,True,False,False,Buona (0.55-0.7)
0.947,5,NEUTRAL,17.887,LOW,False,True,False,False,Alta (0.7-1.0)
0.234,1,LONG,14.990,LOW,True,True,True,False,Bassa (0-0.3)
0.558,2,SHORT,21.008,NORMAL,False,True,False,False,Buona (0.55-0.7)
0.464,6,LONG,24.562,NORMAL,True,True,True,False,Media (0.3-0.55)
0.527,1,NEUTRAL,52.278,CRISIS,True,False,False,False,Media (0.3-0.55)
0.207,3,SHORT,34.927,ELEVATED,True,True,True,False,Bassa (0-0.3)
0.221,2,LONG,17.253,LOW,True,False,False,False,Bassa (0-0.3)
0.350,1,LONG,15.480,LOW,True,True,True,False,Media (0.3-0.55)
0.374,3,LONG,19.741,NORMAL,True,True,True,False,Media (0.3-0.55)
0.485,4,LONG,11.926,LOW,True,True,True,False,Media (0.3-0.55)
0.650,2,NEUTRAL,11.040,LOW,False,True,False,False,Buona (0.55-0.7)
0.671,1,SHORT,20.634,NORMAL,True,True,True,False,Buona (0.55-0.7)
0.471,1,LONG,14.184,LOW,True,False,False,False,Media (0.3-0.55)
0.468,4,NEUTRAL,11.303,LOW,True,False,False,False,Media (0.3-0.55)
0.296,6,LONG,25.870,ELEVATED,True,True,True,False,Bassa (0-0.3)
0.629,2,NEUTRAL,20.136,NORMAL,False,True,False,False,Buona (0.55-0.7)
0.385,2,LONG,21.632,NORMAL,True,False,False,False,Media (0.3-0.55)
0.132,3,SHORT,23.592,NORMAL,True,False,False,False,Bassa (0-0.3)
0.477,3,NEUTRAL,12.107,LOW,True,True,True,False,Media (0.3-0.55)
0.527,2,LONG,22.615,NORMAL,True,True,True,False,Media (0.3-0.55)
0.303,1,SHORT,35.326,CRISIS,True,True,True,False,Media (0.3-0.55)
0.615,4,NEUTRAL,29.646,ELEVATED,False,True,False,False,Buona (0.55-0.7)
0.609,3,LONG,21.375,NORMAL,False,False,False,True,Buona (0.55-0.7)
0.732,3,LONG,10.621,LOW,False,False,False,True,Alta (0.7-1.0)
0.683,2,SHORT,52.866,CRISIS,True,False,False,False,Buona (0.55-0.7)
0.687,6,LONG,28.597,ELEVATED,False,True,False,False,Buona (0.55-0.7)
0.385,4,LONG,52.085,CRISIS,True,True,True,False,Media (0.3-0.55)
0.809,3,LONG,12.080,LOW,False,True,False,False,Alta (0.7-1.0)
0.594,2,SHORT,14.020,LOW,False,True,False,False,Buona (0.55-0.7)
0.488,5,LONG,12.151,LOW,True,True,True,False,Media (0.3-0.55)
0.663,6,LONG,18.914,NORMAL,False,True,False,False,Buona (0.55-0.7)
0.425,1,NEUTRAL,18.593,NORMAL,True,False,False,False,Media (0.3-0.55)
0.561,6,SHORT,28.930,ELEVATED,False,True,False,False,Buona (0.55-0.7)
0.763,5,NEUTRAL,10.802,LOW,False,True,False,False,Alta (0.7-1.0)
0.898,1,LONG,22.914,NORMAL,True,True,True,False,Alta (0.7-1.0)
0.929,5,NEUTRAL,15.757,LOW,False,True,False,False,Alta (0.7-1.0)
0.553,1,SHORT,29.923,ELEVATED,True,False,False,False,Buona (0.55-0.7)
0.568,1,LONG,32.896,ELEVATED,True,True,True,False,Buona (0.55-0.7)
0.820,1,NEUTRAL,15.005,LOW,True,True,True,False,Alta (0.7-1.0)
0.383,3,LONG,31.383,ELEVATED,True,True,True,False,Media (0.3-0.55)
0.854,4,LONG,17.605,LOW,False,True,False,False,Alta (0.7-1.0)
0.545,3,LONG,21.579,NORMAL,True,True,True,False,Media (0.3-0.55)
0.204,1,SHORT,17.839,LOW,True,True,True,False,Bassa (0-0.3)
0.165,2,LONG,30.397,ELEVATED,True,False,False,False,Bassa (0-0.3)
0.858,6,LONG,29.611,ELEVATED,False,True,False,False,Alta (0.7-1.0)
0.150,6,LONG,19.522,NORMAL,True,True,True,False,Bassa (0-0.3)
0.353,5,LONG,24.440,NORMAL,True,False,False,False,Media (0.3-0.55)
0.401,1,LONG,14.310,LOW,True,True,True,False,Media (0.3-0.55)
0.256,5,SHORT,11.481,LOW,True,False,False,False,Bassa (0-0.3)
0.383,5,LONG,24.654,NORMAL,True,False,False,False,Media (0.3-0.55)
0.768,4,LONG,45.531,CRISIS,False,True,False,False,Alta (0.7-1.0)
0.113,1,SHORT,18.060,NORMAL,True,False,False,False,Bassa (0-0.3)
0.844,6,LONG,14.567,LOW,False,True,False,False,Alta (0.7-1.0)
0.871,3,SHORT,32.800,ELEVATED,False,True,False,False,Alta (0.7-1.0)
0.435,1,LONG,18.221,NORMAL,True,True,True,False,Media (0.3-0.55)
0.238,2,LONG,27.160,ELEVATED,True,True,True,False,Bassa (0-0.3)
0.641,3,LONG,17.177,LOW,False,True,False,False,Buona (0.55-0.7)
0.208,1,LONG,16.866,LOW,True,False,False,False,Bassa (0-0.3)
0.428,2,LONG,28.384,ELEVATED,True,False,False,False,Media (0.3-0.55)
0.963,3,NEUTRAL,21.212,NORMAL,False,False,False,True,Alta (0.7-1.0)
0.996,6,LONG,47.392,CRISIS,False,True,False,False,Alta (0.7-1.0)
0.795,1,SHORT,14.099,LOW,True,True,True,False,Alta (0.7-1.0)
0.380,4,SHORT,29.818,ELEVATED,True,False,False,False,Media (0.3-0.55)
0.719,6,LONG,23.530,NORMAL,False,False,False,True,Alta (0.7-1.0)
0.735,5,SHORT,11.231,LOW,False,True,False,False,Alta (0.7-1.0)
0.449,6,LONG,21.604,NORMAL,True,True,True,False,Media (0.3-0.55)
0.677,2,LONG,12.220,LOW,False,True,False,False,Buona (0.55-0.7)
0.110,5,LONG,14.755,LOW,True,False,False,False,Bassa (0-0.3)
0.288,6,SHORT,47.425,CRISIS,True,True,True,False,Bassa (0-0.3)
0.573,2,NEUTRAL,32.433,ELEVATED,False,True,False,False,Buona (0.55-0.7)
0.247,3,LONG,10.942,LOW,True,False,False,False,Bassa (0-0.3)
0.249,4,SHORT,16.533,LOW,True,False,False,False,Bassa (0-0.3)
0.853,3,SHORT,41.232,CRISIS,False,True,False,False,Alta (0.7-1.0)
0.990,2,LONG,11.038,LOW,False,True,False,False,Alta (0.7-1.0)
0.600,6,SHORT,12.355,LOW,False,True,False,False,Buona (0.55-0.7)
0.855,6,SHORT,17.363,LOW,False,True,False,False,Alta (0.7-1.0)
0.991,3,NEUTRAL,13.924,LOW,False,True,False,False,Alta (0.7-1.0)
0.227,5,NEUTRAL,17.676,LOW,True,False,False,False,Bassa (0-0.3)
0.503,3,LONG,16.169,LOW,True,True,True,False,Media (0.3-0.55)
0.453,5,LONG,24.069,NORMAL,True,True,True,False,Media (0.3-0.55)
0.172,4,SHORT,21.231,NORMAL,True,False,False,False,Bassa (0-0.3)
0.780,3,LONG,28.322,ELEVATED,False,True,False,False,Alta (0.7-1.0)
0.490,1,LONG,12.014,LOW,True,True,True,False,Media (0.3-0.55)
0.522,4,NEUTRAL,20.649,NORMAL,True,False,False,False,Media (0.3-0.55)
0.236,2,LONG,33.089,ELEVATED,True,False,False,False,Bassa (0-0.3)
0.263,2,LONG,30.298,ELEVATED,True,False,False,False,Bassa (0-0.3)
0.916,2,NEUTRAL,19.718,NORMAL,False,True,False,False,Alta (0.7-1.0)
0.140,6,LONG,33.915,ELEVATED,True,False,False,False,Bassa (0-0.3)
0.310,1,LONG,22.817,NORMAL,True,False,False,False,Media (0.3-0.55)
0.363,5,NEUTRAL,13.902,LOW,True,False,False,False,Media (0.3-0.55)
0.541,6,LONG,16.684,LOW,True,True,True,False,Media (0.3-0.55)
0.628,1,LONG,19.669,NORMAL,True,False,False,False,Buona (0.55-0.7)
0.544,4,LONG,29.206,ELEVATED,True,True,True,False,Media (0.3-0.55)
0.176,4,NEUTRAL,13.704,LOW,True,False,False,False,Bassa (0-0.3)
0.319,3,LONG,31.589,ELEVATED,True,False,False,False,Media (0.3-0.55)
0.859,5,SHORT,34.402,ELEVATED,False,True,False,False,Alta (0.7-1.0)
0.674,3,LONG,11.138,LOW,False,True,False,False,Buona (0.55-0.7)
0.684,3,LONG,16.948,LOW,False,True,False,False,Buona (0.55-0.7)
0.703,3,NEUTRAL,20.372,NORMAL,False,True,False,False,Alta (0.7-1.0)
0.787,5,SHORT,31.588,ELEVATED,False,False,False,True,Alta (0.7-1.0)
0.152,4,NEUTRAL,20.318,NORMAL,True,False,False,False,Bassa (0-0.3)
0.430,3,LONG,27.890,ELEVATED,True,False,False,False,Media (0.3-0.55)
0.586,6,SHORT,42.233,CRISIS,True,False,False,False,Buona (0.55-0.7)
0.405,5,NEUTRAL,39.142,CRISIS,True,True,True,False,Media (0.3-0.55)
0.860,6,LONG,17.354,LOW,False,True,False,False,Alta (0.7-1.0)
0.534,5,LONG,23.729,NORMAL,True,False,False,False,Media (0.3-0.55)
0.792,3,NEUTRAL,24.273,NORMAL,False,True,False,False,Alta (0.7-1.0)
0.867,5,LONG,24.993,NORMAL,False,True,False,False,Alta (0.7-1.0)
0.554,2,SHORT,22.399,NORMAL,False,True,False,False,Buona (0.55-0.7)
0.919,2,NEUTRAL,16.369,LOW,False,True,False,False,Alta (0.7-1.0)
0.628,3,LONG,16.588,LOW,False,False,False,True,Buona (0.55-0.7)
0.865,6,LONG,16.237,LOW,False,True,False,False,Alta (0.7-1.0)
0.407,4,LONG,17.451,LOW,True,True,True,False,Media (0.3-0.55)
0.549,3,LONG,20.388,NORMAL,True,True,True,False,Media (0.3-0.55)
0.578,3,LONG,15.949,LOW,False,True,False,False,Buona (0.55-0.7)
0.194,2,SHORT,29.437,ELEVATED,True,False,False,False,Bassa (0-0.3)
0.459,4,LONG,19.796,NORMAL,True,False,False,False,Media (0.3-0.55)
0.926,3,SHORT,16.309,LOW,False,True,False,False,Alta (0.7-1.0)
0.668,4,LONG,19.967,NORMAL,False,True,False,False,Buona (0.55-0.7)
0.260,3,LONG,22.791,NORMAL,True,False,False,False,Bassa (0-0.3)
0.405,2,LONG,23.035,NORMAL,True,False,False,False,Media (0.3-0.55)
0.272,6,SHORT,23.116,NORMAL,True,False,False,False,Bassa (0-0.3)
0.122,3,LONG,23.583,NORMAL,True,True,True,False,Bassa (0-0.3)
0.935,1,LONG,46.467,CRISIS,True,True,True,False,Alta (0.7-1.0)
0.503,3,NEUTRAL,12.253,LOW,True,True,True,False,Media (0.3-0.55)
0.377,4,SHORT,23.477,NORMAL,True,False,False,False,Media (0.3-0.55)
0.639,1,LONG,20.078,NORMAL,True,False,False,False,Buona (0.55-0.7)
0.107,2,NEUTRAL,20.917,NORMAL,True,False,False,False,Bassa (0-0.3)
0.350,1,LONG,31.829,ELEVATED,True,True,True,False,Media (0.3-0.55)
0.733,4,LONG,11.583,LOW,False,True,False,False,Alta (0.7-1.0)
0.670,5,LONG,21.052,NORMAL,False,True,False,False,Buona (0.55-0.7)
0.984,6,LONG,15.247,LOW,False,True,False,False,Alta (0.7-1.0)
0.658,3,LONG,27.763,ELEVATED,False,False,False,True,Buona (0.55-0.7)
0.530,6,SHORT,30.887,ELEVATED,True,False,False,False,Media (0.3-0.55)
0.785,2,LONG,49.376,CRISIS,False,True,False,False,Alta (0.7-1.0)
0.913,5,NEUTRAL,11.273,LOW,False,True,False,False,Alta (0.7-1.0)
0.749,4,NEUTRAL,25.652,ELEVATED,False,True,False,False,Alta (0.7-1.0)
0.967,5,SHORT,14.636,LOW,False,True,False,False,Alta (0.7-1.0)
0.804,5,SHORT,14.472,LOW,False,False,False,True,Alta (0.7-1.0)
0.880,4,SHORT,34.268,ELEVATED,False,True,False,False,Alta (0.7-1.0)
0.203,2,NEUTRAL,52.691,CRISIS,True,False,False,False,Bassa (0-0.3)
0.759,4,LONG,23.583,NORMAL,False,False,False,True,Alta (0.7-1.0)
0.496,5,LONG,11.278,LOW,True,False,False,False,Media (0.3-0.55)
0.598,6,SHORT,17.449,LOW,False,True,False,False,Buona (0.55-0.7)
0.689,6,SHORT,19.841,NORMAL,False,True,False,False,Buona (0.55-0.7)
0.973,2,LONG,46.796,CRISIS,False,True,False,False,Alta (0.7-1.0)
0.986,4,SHORT,14.291,LOW,False,True,False,False,Alta (0.7-1.0)
0.359,1,LONG,17.263,LOW,True,False,False,False,Media (0.3-0.55)
0.760,5,NEUTRAL,30.838,ELEVATED,False,False,False,True,Alta (0.7-1.0)
0.775,6,LONG,16.938,LOW,False,True,False,False,Alta (0.7-1.0)
0.412,1,LONG,15.238,LOW,True,False,False,False,Media (0.3-0.55)
0.211,4,LONG,15.667,LOW,True,False,False,False,Bassa (0-0.3)
0.137,6,LONG,12.197,LOW,True,False,False,False,Bassa (0-0.3)
0.800,6,LONG,59.422,CRISIS,False,True,False,False,Alta (0.7-1.0)
0.541,3,LONG,19.606,NORMAL,True,False,False,False,Media (0.3-0.55)
0.987,1,LONG,11.739,LOW,True,True,True,False,Alta (0.7-1.0)
0.518,6,LONG,18.886,NORMAL,True,False,False,False,Media (0.3-0.55)
0.980,6,LONG,15.069,LOW,False,True,False,False,Alta (0.7-1.0)
0.470,4,LONG,28.031,ELEVATED,True,False,False,False,Media (0.3-0.55)
0.814,6,LONG,18.888,NORMAL,False,True,False,False,Alta (0.7-1.0)
0.176,1,LONG,24.854,NORMAL,True,False,False,False,Bassa (0-0.3)
0.600,4,LONG,21.461,NORMAL,False,True,False,False,Buona (0.55-0.7)
0.822,1,LONG,20.387,NORMAL,True,False,False,False,Alta (0.7-1.0)
0.932,6,LONG,14.836,LOW,False,False,False,True,Alta (0.7-1.0)
0.840,5,SHORT,16.730,LOW,False,True,False,False,Alta (0.7-1.0)
0.133,6,NEUTRAL,19.634,NORMAL,True,False,False,False,Bassa (0-0.3)
0.435,4,NEUTRAL,28.503,ELEVATED,True,True,True,False,Media (0.3-0.55)
0.144,1,SHORT,18.688,NORMAL,True,False,False,False,Bassa (0-0.3)
0.198,1,SHORT,11.296,LOW,True,False,False,False,Bassa (0-0.3)
0.708,3,LONG,22.736,NORMAL,False,True,False,False,Alta (0.7-1.0)
0.742,5,SHORT,23.647,NORMAL,False,True,False,False,Alta (0.7-1.0)
0.796,1,SHORT,13.261,LOW,True,False,False,False,Alta (0.7-1.0)
0.879,6,NEUTRAL,15.466,LOW,False,True,False,False,Alta (0.7-1.0)
0.765,2,NEUTRAL,21.345,NORMAL,False,False,False,True,Alta (0.7-1.0)
0.821,3,LONG,12.311,LOW,False,True,False,False,Alta (0.7-1.0)
0.144,2,SHORT,19.690,NORMAL,True,False,False,False,Bassa (0-0.3)
0.311,3,NEUTRAL,32.609,ELEVATED,True,True,True,False,Media (0.3-0.55)
0.660,3,LONG,38.519,CRISIS,True,True,True,False,Buona (0.55-0.7)
0.872,1,NEUTRAL,22.154,NORMAL,True,True,True,False,Alta (0.7-1.0)
0.104,4,LONG,32.071,ELEVATED,True,False,False,False,Bassa (0-0.3)
0.563,5,NEUTRAL,14.690,LOW,False,True,False,False,Buona (0.55-0.7)
0.710,6,SHORT,11.870,LOW,False,False,False,True,Alta (0.7-1.0)
0.127,2,LONG,30.602,ELEVATED,True,False,False,False,Bassa (0-0.3)
0.461,6,SHORT,10.054,LOW,True,True,True,False,Media (0.3-0.55)
0.906,6,LONG,19.306,NORMAL,False,True,False,False,Alta (0.7-1.0)
0.704,6,SHORT,31.052,ELEVATED,False,True,False,False,Alta (0.7-1.0)
0.314,3,SHORT,23.368,NORMAL,True,False,False,False,Media (0.3-0.55)
0.868,6,SHORT,15.821,LOW,False,True,False,False,Alta (0.7-1.0)
0.413,4,NEUTRAL,32.842,ELEVATED,True,False,False,False,Media (0.3-0.55)
0.868,1,LONG,22.325,NORMAL,True,True,True,False,Alta (0.7-1.0)
0.369,2,LONG,28.640,ELEVATED,True,False,False,False,Media (0.3-0.55)
0.631,5,LONG,12.306,LOW,False,True,False,False,Buona (0.55-0.7)
0.457,1,LONG,13.709,LOW,True,True,True,False,Media (0.3-0.55)
0.347,3,LONG,23.222,NORMAL,True,True,True,False,Media (0.3-0.55)
0.898,5,LONG,20.231,NORMAL,False,True,False,False,Alta (0.7-1.0)
0.269,1,LONG,12.344,LOW,True,True,True,False,Bassa (0-0.3)
0.176,3,LONG,11.559,LOW,True,False,False,False,Bassa (0-0.3)
0.408,2,NEUTRAL,15.591,LOW,True,True,True,False,Media (0.3-0.55)
0.746,4,LONG,10.940,LOW,False,True,False,False,Alta (0.7-1.0)
0.827,2,NEUTRAL,13.569,LOW,False,True,False,False,Alta (0.7-1.0)
0.999,6,LONG,23.903,NORMAL,False,True,False,False,Alta (0.7-1.0)
0.367,1,LONG,31.113,ELEVATED,True,False,False,False,Media (0.3-0.55)
0.467,6,SHORT,21.120,NORMAL,True,False,False,False,Media (0.3-0.55)
0.223,5,LONG,13.543,LOW,True,False,False,False,Bassa (0-0.3)
0.617,6,LONG,24.763,NORMAL,False,False,False,True,Buona (0.55-0.7)
0.998,6,SHORT,13.447,LOW,False,True,False,False,Alta (0.7-1.0)
0.731,2,LONG,13.372,LOW,False,False,False,True,Alta (0.7-1.0)
0.636,6,LONG,21.765,NORMAL,False,True,False,False,Buona (0.55-0.7)
0.453,4,SHORT,21.690,NORMAL,True,False,False,False,Media (0.3-0.55)
0.924,6,LONG,17.966,LOW,False,True,False,False,Alta (0.7-1.0)
0.547,6,NEUTRAL,26.167,ELEVATED,True,False,False,False,Media (0.3-0.55)
0.221,4,LONG,19.104,NORMAL,True,False,False,False,Bassa (0-0.3)
0.429,3,NEUTRAL,12.836,LOW,True,False,False,False,Media (0.3-0.55)
0.160,1,SHORT,27.305,ELEVATED,True,False,False,False,Bassa (0-0.3)
0.282,1,NEUTRAL,21.620,NORMAL,True,False,False,False,Bassa (0-0.3)
0.116,3,NEUTRAL,20.532,NORMAL,True,True,True,False,Bassa (0-0.3)
0.508,5,LONG,30.136,ELEVATED,True,False,False,False,Media (0.3-0.55)
0.671,4,SHORT,29.335,ELEVATED,False,True,False,False,Buona (0.55-0.7)
0.409,3,LONG,14.656,LOW,True,False,False,False,Media (0.3-0.55)
0.478,2,NEUTRAL,34.672,ELEVATED,True,False,False,False,Media (0.3-0.55)
0.963,4,SHORT,17.312,LOW,False,True,False,False,Alta (0.7-1.0)
0.777,4,LONG,14.247,LOW,False,True,False,False,Alta (0.7-1.0)
0.587,6,NEUTRAL,24.936,NORMAL,False,True,False,False,Buona (0.55-0.7)
0.356,5,LONG,15.208,LOW,True,False,False,False,Media (0.3-0.55)
0.907,4,SHORT,15.659,LOW,False,True,False,False,Alta (0.7-1.0)
0.312,6,SHORT,26.399,ELEVATED,True,False,False,False,Media (0.3-0.55)
0.393,3,LONG,10.085,LOW,True,False,False,False,Media (0.3-0.55)
0.918,6,SHORT,10.733,LOW,False,False,False,True,Alta (0.7-1.0)
0.577,3,NEUTRAL,19.259,NORMAL,False,True,False,False,Buona (0.55-0.7)
0.768,1,LONG,17.078,LOW,True,True,True,False,Alta (0.7-1.0)
0.632,3,SHORT,12.202,LOW,False,True,False,False,Buona (0.55-0.7)
0.688,1,LONG,12.535,LOW,True,False,False,False,Buona (0.55-0.7)
0.369,1,SHORT,16.417,LOW,True,True,True,False,Media (0.3-0.55)
0.317,6,LONG,34.539,ELEVATED,True,True,True,False,Media (0.3-0.55)
0.390,5,NEUTRAL,32.517,ELEVATED,True,True,True,False,Media (0.3-0.55)
0.240,2,NEUTRAL,17.283,LOW,True,False,False,False,Bassa (0-0.3)
0.887,6,LONG,18.847,NORMAL,False,True,False,False,Alta (0.7-1.0)
0.355,1,LONG,32.446,ELEVATED,True,False,False,False,Media (0.3-0.55)
0.605,2,SHORT,20.469,NORMAL,False,False,False,True,Buona (0.55-0.7)
0.813,5,SHORT,12.937,LOW,False,False,False,True,Alta (0.7-1.0)
0.805,2,LONG,37.442,CRISIS,False,True,False,False,Alta (0.7-1.0)
0.495,5,LONG,11.344,LOW,True,True,True,False,Media (0.3-0.55)
0.529,6,LONG,18.387,NORMAL,True,True,True,False,Media (0.3-0.55)
0.995,1,NEUTRAL,10.327,LOW,True,True,True,False,Alta (0.7-1.0)
0.707,1,LONG,13.762,LOW,True,False,False,False,Alta (0.7-1.0)
0.833,6,NEUTRAL,12.789,LOW,False,True,False,False,Alta (0.7-1.0)
0.912,4,LONG,25.719,ELEVATED,False,True,False,False,Alta (0.7-1.0)
0.809,4,NEUTRAL,12.192,LOW,False,True,False,False,Alta (0.7-1.0)
0.267,3,LONG,30.755,ELEVATED,True,False,False,False,Bassa (0-0.3)
0.606,3,LONG,19.639,NORMAL,False,True,False,False,Buona (0.55-0.7)
0.192,5,NEUTRAL,12.461,LOW,True,False,False,False,Bassa (0-0.3)
0.688,4,NEUTRAL,11.045,LOW,False,True,False,False,Buona (0.55-0.7)
0.960,1,LONG,16.807,LOW,True,False,False,False,Alta (0.7-1.0)
0.561,4,LONG,10.534,LOW,False,False,False,True,Buona (0.55-0.7)
0.490,5,LONG,42.201,CRISIS,True,True,True,False,Media (0.3-0.55)
0.132,1,LONG,17.460,LOW,True,True,True,False,Bassa (0-0.3)
0.964,3,LONG,13.675,LOW,False,True,False,False,Alta (0.7-1.0)
0.193,5,NEUTRAL,20.087,NORMAL,True,True,True,False,Bassa (0-0.3)
0.137,4,LONG,23.598,NORMAL,True,False,False,False,Bassa (0-0.3)
0.321,1,SHORT,18.496,NORMAL,True,False,False,False,Media (0.3-0.55)
0.159,1,LONG,18.395,NORMAL,True,False,False,False,Bassa (0-0.3)
0.510,4,LONG,49.809,CRISIS,True,True,True,False,Media (0.3-0.55)
0.564,3,SHORT,47.410,CRISIS,True,False,False,False,Buona (0.55-0.7)
0.381,6,LONG,33.600,ELEVATED,True,True,True,False,Media (0.3-0.55)
0.146,4,SHORT,17.196,LOW,True,False,False,False,Bassa (0-0.3)
0.200,6,LONG,23.289,NORMAL,True,True,True,False,Bassa (0-0.3)
0.446,2,NEUTRAL,10.460,LOW,True,False,False,False,Media (0.3-0.55)
0.154,3,SHORT,11.606,LOW,True,False,False,False,Bassa (0-0.3)
0.728,1,NEUTRAL,24.058,NORMAL,True,True,True,False,Alta (0.7-1.0)
0.286,4,LONG,12.028,LOW,True,True,True,False,Bassa (0-0.3)
0.372,2,LONG,10.581,LOW,True,True,True,False,Media (0.3-0.55)
0.455,3,LONG,14.778,LOW,True,False,False,False,Media (0.3-0.55)
0.475,3,SHORT,30.470,ELEVATED,True,False,False,False,Media (0.3-0.55)
0.101,2,LONG,37.321,CRISIS,True,False,False,False,Bassa (0-0.3)
0.201,1,LONG,19.261,NORMAL,True,False,False,False,Bassa (0-0.3)
0.876,4,LONG,18.176,NORMAL,False,False,False,True,Alta (0.7-1.0)
0.101,6,LONG,26.327,ELEVATED,True,False,False,False,Bassa (0-0.3)
0.557,2,LONG,29.313,ELEVATED,False,True,False,False,Buona (0.55-0.7)
0.541,3,LONG,22.106,NORMAL,True,False,False,False,Media (0.3-0.55)
0.400,2,LONG,16.370,LOW,True,True,True,False,Media (0.3-0.55)
0.488,5,SHORT,11.434,LOW,True,False,False,False,Media (0.3-0.55)
0.803,3,LONG,24.761,NORMAL,False,True,False,False,Alta (0.7-1.0)
0.857,6,LONG,12.471,LOW,False,True,False,False,Alta (0.7-1.0)
0.334,2,SHORT,15.109,LOW,True,False,False,False,Media (0.3-0.55)
0.390,1,SHORT,10.205,LOW,True,True,True,False,Media (0.3-0.55)
0.318,4,LONG,24.516,NORMAL,True,True,True,False,Media (0.3-0.55)
0.532,4,SHORT,15.245,LOW,True,True,True,False,Media (0.3-0.55)
0.715,6,NEUTRAL,18.420,NORMAL,False,True,False,False,Alta (0.7-1.0)
0.305,6,SHORT,31.354,ELEVATED,True,False,False,False,Media (0.3-0.55)
0.398,6,NEUTRAL,21.143,NORMAL,True,True,True,False,Media (0.3-0.55)
0.937,4,SHORT,44.016,CRISIS,False,True,False,False,Alta (0.7-1.0)
0.144,3,LONG,22.774,NORMAL,True,False,False,False,Bassa (0-0.3)
0.515,3,LONG,10.978,LOW,True,False,False,False,Media (0.3-0.55)
0.740,1,SHORT,29.551,ELEVATED,True,True,True,False,Alta (0.7-1.0)
0.235,3,NEUTRAL,32.192,ELEVATED,True,False,False,False,Bassa (0-0.3)
0.143,3,LONG,41.864,CRISIS,True,False,False,False,Bassa (0-0.3)
0.224,1,LONG,22.385,NORMAL,True,False,False,False,Bassa (0-0.3)
0.927,2,SHORT,18.663,NORMAL,False,True,False,False,Alta (0.7-1.0)
0.108,4,LONG,17.486,LOW,True,False,False,False,Bassa (0-0.3)
0.269,3,SHORT,13.420,LOW,True,False,False,False,Bassa (0-0.3)
0.128,6,SHORT,20.542,NORMAL,True,False,False,False,Bassa (0-0.3)
0.200,3,SHORT,17.979,LOW,True,False,False,False,Bassa (0-0.3)
0.658,6,NEUTRAL,12.551,LOW,False,False,False,True,Buona (0.55-0.7)
0.317,4,SHORT,10.841,LOW,True,False,False,False,Media (0.3-0.55)
0.612,1,SHORT,44.902,CRISIS,True,False,False,False,Buona (0.55-0.7)
0.631,2,SHORT,23.707,NORMAL,False,True,False,False,Buona (0.55-0.7)
0.864,5,NEUTRAL,22.269,NORMAL,False,False,False,True,Alta (0.7-1.0)
0.104,4,NEUTRAL,17.219,LOW,True,False,False,False,Bassa (0-0.3)
0.868,2,LONG,12.356,LOW,False,True,False,False,Alta (0.7-1.0)
0.657,4,SHORT,22.699,NORMAL,False,True,False,False,Buona (0.55-0.7)
0.246,6,LONG,12.976,LOW,True,False,False,False,Bassa (0-0.3)
0.796,3,NEUTRAL,13.632,LOW,False,False,False,True,Alta (0.7-1.0)
0.870,1,SHORT,20.557,NORMAL,True,True,True,False,Alta (0.7-1.0)
0.329,2,LONG,16.324,LOW,True,False,False,False,Media (0.3-0.55)
0.927,6,LONG,30.914,ELEVATED,False,True,False,False,Alta (0.7-1.0)
0.509,5,LONG,16.963,LOW,True,True,True,False,Media (0.3-0.55)
0.643,6,SHORT,26.826,ELEVATED,False,False,False,True,Buona (0.55-0.7)
0.986,6,LONG,41.419,CRISIS,False,True,False,False,Alta (0.7-1.0)
0.425,1,LONG,15.743,LOW,True,False,False,False,Media (0.3-0.55)
0.832,2,NEUTRAL,24.260,NORMAL,False,True,False,False,Alta (0.7-1.0)
0.387,1,SHORT,18.893,NORMAL,True,False,False,False,Media (0.3-0.55)
0.819,1,LONG,16.801,LOW,True,True,True,False,Alta (0.7-1.0)
0.641,6,LONG,21.944,NORMAL,False,False,False,True,Buona (0.55-0.7)
0.295,6,NEUTRAL,14.462,LOW,True,False,False,False,Bassa (0-0.3)
0.473,1,SHORT,59.611,CRISIS,True,True,True,False,Media (0.3-0.55)
0.386,5,SHORT,18.350,NORMAL,True,True,True,False,Media (0.3-0.55)
0.170,4,LONG,29.922,ELEVATED,True,True,True,False,Bassa (0-0.3)
0.127,1,LONG,11.543,LOW,True,False,False,False,Bassa (0-0.3)
0.412,6,LONG,11.426,LOW,True,False,False,False,Media (0.3-0.55)
0.117,6,SHORT,13.178,LOW,True,False,False,False,Bassa (0-0.3)
0.249,4,LONG,30.410,ELEVATED,True,False,False,False,Bassa (0-0.3)
0.753,5,LONG,22.864,NORMAL,False,True,False,False,Alta (0.7-1.0)
0.737,3,SHORT,13.073,LOW,False,True,False,False,Alta (0.7-1.0)
0.765,5,NEUTRAL,17.248,LOW,False,True,False,False,Alta (0.7-1.0)
0.385,3,SHORT,16.260,LOW,True,False,False,False,Media (0.3-0.55)
0.901,6,LONG,19.096,NORMAL,False,True,False,False,Alta (0.7-1.0)
0.634,1,LONG,56.354,CRISIS,True,False,False,False,Buona (0.55-0.7)
0.213,2,LONG,13.430,LOW,True,False,False,False,Bassa (0-0.3)
0.229,6,LONG,16.197,LOW,True,True,True,False,Bassa (0-0.3)
0.724,2,SHORT,25.320,ELEVATED,False,True,False,False,Alta (0.7-1.0)
0.256,2,LONG,10.139,LOW,True,False,False,False,Bassa (0-0.3)
0.557,5,SHORT,20.063,NORMAL,False,True,False,False,Buona (0.55-0.7)
0.993,2,NEUTRAL,13.172,LOW,False,False,False,True,Alta (0.7-1.0)
0.104,4,NEUTRAL,13.329,LOW,True,False,False,False,Bassa (0-0.3)
0.115,2,LONG,29.178,ELEVATED,True,False,False,False,Bassa (0-0.3)
0.994,2,LONG,11.198,LOW,False,True,False,False,Alta (0.7-1.0)
0.626,6,LONG,21.367,NORMAL,False,True,False,False,Buona (0.55-0.7)
0.214,2,LONG,14.426,LOW,True,False,False,False,Bassa (0-0.3)
0.908,1,LONG,23.375,NORMAL,True,True,True,False,Alta (0.7-1.0)
0.892,5,LONG,10.443,LOW,False,True,False,False,Alta (0.7-1.0)
0.583,6,SHORT,19.276,NORMAL,False,False,False,True,Buona (0.55-0.7)
0.660,1,LONG,13.143,LOW,True,False,False,False,Buona (0.55-0.7)
0.346,5,NEUTRAL,29.046,ELEVATED,True,False,False,False,Media (0.3-0.55)
0.145,4,LONG,20.577,NORMAL,True,False,False,False,Bassa (0-0.3)
0.635,5,LONG,23.578,NORMAL,False,False,False,True,Buona (0.55-0.7)
0.365,1,LONG,19.717,NORMAL,True,False,False,False,Media (0.3-0.55)
0.697,6,LONG,11.164,LOW,False,True,False,False,Buona (0.55-0.7)
0.853,4,LONG,13.131,LOW,False,True,False,False,Alta (0.7-1.0)
0.116,6,NEUTRAL,28.206,ELEVATED,True,False,False,False,Bassa (0-0.3)
0.636,3,LONG,27.524,ELEVATED,False,True,False,False,Buona (0.55-0.7)
0.308,6,LONG,17.155,LOW,True,True,True,False,Media (0.3-0.55)
0.886,4,SHORT,23.820,NORMAL,False,True,False,False,Alta (0.7-1.0)
0.328,1,LONG,23.764,NORMAL,True,False,False,False,Media (0.3-0.55)
0.650,6,SHORT,23.779,NORMAL,False,False,False,True,Buona (0.55-0.7)
0.598,5,LONG,18.119,NORMAL,False,True,False,False,Buona (0.55-0.7)
0.457,2,NEUTRAL,16.959,LOW,True,False,False,False,Media (0.3-0.55)
0.710,4,LONG,23.051,NORMAL,False,True,False,False,Alta (0.7-1.0)
0.753,3,LONG,17.609,LOW,False,True,False,False,Alta (0.7-1.0)
0.610,4,SHORT,14.970,LOW,False,False,False,True,Buona (0.55-0.7)
0.783,6,NEUTRAL,15.621,LOW,False,True,False,False,Alta (0.7-1.0)
0.985,6,LONG,26.377,ELEVATED,False,True,False,False,Alta (0.7-1.0)
0.477,2,SHORT,16.700,LOW,True,True,True,False,Media (0.3-0.55)
0.563,6,LONG,14.743,LOW,False,True,False,False,Buona (0.55-0.7)
0.111,3,LONG,18.583,NORMAL,True,False,False,False,Bassa (0-0.3)
0.816,5,LONG,21.615,NORMAL,False,True,False,False,Alta (0.7-1.0)
0.568,5,SHORT,15.687,LOW,False,True,False,False,Buona (0.55-0.7)
0.467,3,LONG,19.055,NORMAL,True,False,False,False,Media (0.3-0.55)
0.185,3,SHORT,17.154,LOW,True,True,True,False,Bassa (0-0.3)
0.901,3,LONG,11.597,LOW,False,True,False,False,Alta (0.7-1.0)
0.456,6,NEUTRAL,18.771,NORMAL,True,False,False,False,Media (0.3-0.55)
0.714,3,NEUTRAL,29.449,ELEVATED,False,False,False,True,Alta (0.7-1.0)
0.234,2,LONG,13.997,LOW,True,False,False,False,Bassa (0-0.3)
0.965,3,LONG,31.619,ELEVATED,False,True,False,False,Alta (0.7-1.0)
0.261,2,LONG,13.230,LOW,True,False,False,False,Bassa (0-0.3)
0.280,3,NEUTRAL,24.451,NORMAL,True,True,True,False,Bassa (0-0.3)
0.873,1,LONG,20.652,NORMAL,True,True,True,False,Alta (0.7-1.0)
0.921,1,SHORT,24.101,NORMAL,True,True,True,False,Alta (0.7-1.0)
0.291,5,LONG,12.764,LOW,True,True,True,False,Bassa (0-0.3)
0.523,1,SHORT,29.120,ELEVATED,True,False,False,False,Media (0.3-0.55)
0.760,4,LONG,21.166,NORMAL,False,True,False,False,Alta (0.7-1.0)
0.891,5,SHORT,10.154,LOW,False,False,False,True,Alta (0.7-1.0)
0.441,5,NEUTRAL,12.754,LOW,True,True,True,False,Media (0.3-0.55)
0.565,3,LONG,16.568,LOW,False,True,False,False,Buona (0.55-0.7)
0.768,2,NEUTRAL,15.054,LOW,False,False,False,True,Alta (0.7-1.0)
0.758,6,LONG,20.065,NORMAL,False,True,False,False,Alta (0.7-1.0)
0.805,6,LONG,10.117,LOW,False,True,False,False,Alta (0.7-1.0)
0.613,4,NEUTRAL,10.160,LOW,False,False,False,True,Buona (0.55-0.7)
0.194,1,SHORT,18.331,NORMAL,True,False,False,False,Bassa (0-0.3)
0.914,1,SHORT,26.614,ELEVATED,True,True,True,False,Alta (0.7-1.0)
0.879,2,LONG,32.048,ELEVATED,False,True,False,False,Alta (0.7-1.0)
0.818,1,LONG,28.894,ELEVATED,True,True,True,False,Alta (0.7-1.0)
0.190,6,LONG,13.713,LOW,True,False,False,False,Bassa (0-0.3)
0.284,2,SHORT,15.861,LOW,True,True,True,False,Bassa (0-0.3)
0.769,2,LONG,27.484,ELEVATED,False,True,False,False,Alta (0.7-1.0)
0.121,6,LONG,30.951,ELEVATED,True,False,False,False,Bassa (0-0.3)
0.981,5,LONG,14.792,LOW,False,True,False,False,Alta (0.7-1.0)
0.439,2,LONG,15.761,LOW,True,False,False,False,Media (0.3-0.55)
0.747,3,LONG,11.595,LOW,False,True,False,False,Alta (0.7-1.0)
0.899,4,LONG,11.317,LOW,False,True,False,False,Alta (0.7-1.0)
0.455,4,NEUTRAL,19.069,NORMAL,True,True,True,False,Media (0.3-0.55)
0.387,6,SHORT,22.124,NORMAL,True,False,False,False,Media (0.3-0.55)
0.648,6,LONG,15.112,LOW,False,True,False,False,Buona (0.55-0.7)
0.623,6,SHORT,58.164,CRISIS,True,False,False,False,Buona (0.55-0.7)
0.468,1,NEUTRAL,23.433,NORMAL,True,True,True,False,Media (0.3-0.55)
0.642,2,LONG,15.098,LOW,False,True,False,False,Buona (0.55-0.7)
0.942,4,LONG,18.771,NORMAL,False,True,False,False,Alta (0.7-1.0)
0.521,1,LONG,15.977,LOW,True,True,True,False,Media (0.3-0.55)
0.277,3,LONG,13.010,LOW,True,False,False,False,Bassa (0-0.3)
0.439,1,SHORT,27.110,ELEVATED,True,False,False,False,Media (0.3-0.55)
0.455,6,NEUTRAL,22.565,NORMAL,True,False,False,False,Media (0.3-0.55)
0.218,1,LONG,37.475,CRISIS,True,False,False,False,Bassa (0-0.3)
0.247,1,SHORT,25.423,ELEVATED,True,True,True,False,Bassa (0-0.3)
0.716,2,LONG,24.138,NORMAL,False,False,False,True,Alta (0.7-1.0)
0.406,1,SHORT,24.952,NORMAL,True,False,False,False,Media (0.3-0.55)
0.959,4,SHORT,30.650,ELEVATED,False,True,False,False,Alta (0.7-1.0)
0.319,3,LONG,14.416,LOW,True,False,False,False,Media (0.3-0.55)
0.189,6,LONG,23.415,NORMAL,True,False,False,False,Bassa (0-0.3)
0.778,2,SHORT,22.100,NORMAL,False,True,False,False,Alta (0.7-1.0)
0.893,4,NEUTRAL,16.669,LOW,False,True,False,False,Alta (0.7-1.0)
0.350,4,LONG,19.431,NORMAL,True,False,False,False,Media (0.3-0.55)
0.282,4,LONG,30.108,ELEVATED,True,True,True,False,Bassa (0-0.3)
0.267,5,LONG,15.923,LOW,True,False,False,False,Bassa (0-0.3)
0.570,2,SHORT,10.890,LOW,False,True,False,False,Buona (0.55-0.7)
0.522,4,SHORT,20.116,NORMAL,True,False,False,False,Media (0.3-0.55)
0.333,5,SHORT,29.646,ELEVATED,True,False,False,False,Media (0.3-0.55)
0.141,6,SHORT,23.581,NORMAL,True,False,False,False,Bassa (0-0.3)
0.533,4,NEUTRAL,24.459,NORMAL,True,True,True,False,Media (0.3-0.55)
0.963,4,NEUTRAL,14.701,LOW,False,True,False,False,Alta (0.7-1.0)
0.687,6,LONG,23.253,NORMAL,False,True,False,False,Buona (0.55-0.7)
0.546,4,SHORT,11.222,LOW,True,False,False,False,Media (0.3-0.55)
0.200,6,LONG,32.838,ELEVATED,True,False,False,False,Bassa (0-0.3)
0.327,1,LONG,15.307,LOW,True,False,False,False,Media (0.3-0.55)
0.365,3,NEUTRAL,24.266,NORMAL,True,False,False,False,Media (0.3-0.55)
0.788,1,SHORT,54.921,CRISIS,True,True,True,False,Alta (0.7-1.0)
0.889,1,NEUTRAL,21.503,NORMAL,True,True,True,False,Alta (0.7-1.0)
0.911,3,LONG,24.932,NORMAL,False,True,False,False,Alta (0.7-1.0)
0.986,2,SHORT,20.237,NORMAL,False,True,False,False,Alta (0.7-1.0)
0.984,3,LONG,19.558,NORMAL,False,True,False,False,Alta (0.7-1.0)
0.958,3,LONG,28.322,ELEVATED,False,True,False,False,Alta (0.7-1.0)
0.165,4,LONG,16.679,LOW,True,False,False,False,Bassa (0-0.3)
0.224,6,SHORT,46.857,CRISIS,True,False,False,False,Bassa (0-0.3)
0.374,6,LONG,29.416,ELEVATED,True,True,True,False,Media (0.3-0.55)
0.598,3,NEUTRAL,22.174,NORMAL,False,True,False,False,Buona (0.55-0.7)
0.187,2,LONG,20.665,NORMAL,True,False,False,False,Bassa (0-0.3)
0.861,5,LONG,15.081,LOW,False,True,False,False,Alta (0.7-1.0)
0.655,1,SHORT,43.171,CRISIS,True,True,True,False,Buona (0.55-0.7)
0.588,4,LONG,58.299,CRISIS,True,False,False,False,Buona (0.55-0.7)
0.249,3,NEUTRAL,32.681,ELEVATED,True,True,True,False,Bassa (0-0.3)
0.328,2,SHORT,24.393,NORMAL,True,False,False,False,Media (0.3-0.55)
0.244,4,LONG,18.834,NORMAL,True,False,False,False,Bassa (0-0.3)
0.867,2,SHORT,18.826,NORMAL,False,True,False,False,Alta (0.7-1.0)
0.626,2,SHORT,17.965,LOW,False,True,False,False,Buona (0.55-0.7)
0.762,4,SHORT,27.932,ELEVATED,False,True,False,False,Alta (0.7-1.0)
0.366,2,NEUTRAL,16.172,LOW,True,True,True,False,Media (0.3-0.55)
0.434,5,SHORT,17.007,LOW,True,True,True,False,Media (0.3-0.55)
0.464,1,SHORT,15.750,LOW,True,False,False,False,Media (0.3-0.55)
0.784,3,LONG,13.509,LOW,False,False,False,True,Alta (0.7-1.0)
0.795,5,SHORT,16.288,LOW,False,True,False,False,Alta (0.7-1.0)
0.286,2,NEUTRAL,17.675,LOW,True,False,False,False,Bassa (0-0.3)
0.947,5,SHORT,13.938,LOW,False,True,False,False,Alta (0.7-1.0)
0.209,5,SHORT,23.770,NORMAL,True,False,False,False,Bassa (0-0.3)
0.907,6,LONG,23.487,NORMAL,False,True,False,False,Alta (0.7-1.0)
0.190,2,SHORT,17.484,LOW,True,False,False,False,Bassa (0-0.3)
0.338,5,NEUTRAL,22.381,NORMAL,True,True,True,False,Media (0.3-0.55)
0.862,6,LONG,21.539,NORMAL,False,True,False,False,Alta (0.7-1.0)
0.262,5,LONG,17.449,LOW,True,False,False,False,Bassa (0-0.3)
0.472,2,SHORT,30.777,ELEVATED,True,False,False,False,Media (0.3-0.55)
0.505,5,LONG,29.705,ELEVATED,True,False,False,False,Media (0.3-0.55)
0.321,1,SHORT,50.245,CRISIS,True,True,True,False,Media (0.3-0.55)
0.739,4,LONG,12.269,LOW,False,True,False,False,Alta (0.7-1.0)
0.866,3,LONG,16.380,LOW,False,True,False,False,Alta (0.7-1.0)
0.887,4,SHORT,17.863,LOW,False,True,False,False,Alta (0.7-1.0)
0.405,4,SHORT,16.754,LOW,True,False,False,False,Media (0.3-0.55)
0.578,1,SHORT,16.546,LOW,True,True,True,False,Buona (0.55-0.7)
0.324,4,SHORT,21.723,NORMAL,True,False,False,False,Media (0.3-0.55)
0.320,6,SHORT,12.273,LOW,True,False,False,False,Media (0.3-0.55)
0.245,3,SHORT,21.501,NORMAL,True,False,False,False,Bassa (0-0.3)
0.946,2,SHORT,22.351,NORMAL,False,True,False,False,Alta (0.7-1.0)
0.899,6,SHORT,24.695,NORMAL,False,True,False,False,Alta (0.7-1.0)
0.800,1,SHORT,15.920,LOW,True,True,True,False,Alta (0.7-1.0)
0.566,3,LONG,11.163,LOW,False,True,False,False,Buona (0.55-0.7)
0.542,4,LONG,10.376,LOW,True,False,False,False,Media (0.3-0.55)
0.577,3,SHORT,16.493,LOW,False,True,False,False,Buona (0.55-0.7)
0.583,6,NEUTRAL,23.993,NORMAL,False,False,False,True,Buona (0.55-0.7)
0.491,3,SHORT,17.550,LOW,True,True,True,False,Media (0.3-0.55)
0.219,6,LONG,21.402,NORMAL,True,False,False,False,Bassa (0-0.3)
0.213,1,SHORT,13.952,LOW,True,False,False,False,Bassa (0-0.3)
0.957,5,LONG,14.534,LOW,False,False,False,True,Alta (0.7-1.0)
0.534,4,SHORT,28.127,ELEVATED,True,True,True,False,Media (0.3-0.55)
0.958,2,NEUTRAL,52.060,CRISIS,False,True,False,False,Alta (0.7-1.0)
0.247,2,SHORT,23.392,NORMAL,True,True,True,False,Bassa (0-0.3)
0.599,5,SHORT,26.876,ELEVATED,False,False,False,True,Buona (0.55-0.7)
0.287,4,LONG,14.815,LOW,True,False,False,False,Bassa (0-0.3)
0.328,4,LONG,22.459,NORMAL,True,True,True,False,Media (0.3-0.55)
0.127,1,NEUTRAL,22.066,NORMAL,True,False,False,False,Bassa (0-0.3)
0.207,4,SHORT,18.873,NORMAL,True,False,False,False,Bassa (0-0.3)
0.925,6,SHORT,19.541,NORMAL,False,True,False,False,Alta (0.7-1.0)
0.389,1,LONG,21.786,NORMAL,True,True,True,False,Media (0.3-0.55)
0.647,3,LONG,29.804,ELEVATED,False,True,False,False,Buona (0.55-0.7)
0.519,3,LONG,10.183,LOW,True,False,False,False,Media (0.3-0.55)
0.460,6,LONG,16.141,LOW,True,False,False,False,Media (0.3-0.55)
0.579,2,LONG,12.240,LOW,False,True,False,False,Buona (0.55-0.7)
0.269,3,NEUTRAL,24.972,NORMAL,True,False,False,False,Bassa (0-0.3)
0.990,5,SHORT,20.475,NORMAL,False,False,False,True,Alta (0.7-1.0)
0.836,1,LONG,16.984,LOW,True,True,True,False,Alta (0.7-1.0)
0.767,5,LONG,13.662,LOW,False,True,False,False,Alta (0.7-1.0)
0.522,5,LONG,15.630,LOW,True,False,False,False,Media (0.3-0.55)
0.238,5,NEUTRAL,21.454,NORMAL,True,True,True,False,Bassa (0-0.3)
0.929,4,LONG,22.065,NORMAL,False,False,False,True,Alta (0.7-1.0)
0.407,5,SHORT,24.852,NORMAL,True,True,True,False,Media (0.3-0.55)
0.145,5,NEUTRAL,25.074,ELEVATED,True,False,False,False,Bassa (0-0.3)
0.408,6,LONG,16.425,LOW,True,True,True,False,Media (0.3-0.55)
0.815,3,SHORT,12.408,LOW,False,True,False,False,Alta (0.7-1.0)
0.660,3,NEUTRAL,11.620,LOW,False,True,False,False,Buona (0.55-0.7)
0.776,4,LONG,19.494,NORMAL,False,True,False,False,Alta (0.7-1.0)
0.814,2,LONG,14.863,LOW,False,False,False,True,Alta (0.7-1.0)
0.291,6,NEUTRAL,13.349,LOW,True,False,False,False,Bassa (0-0.3)
0.931,5,NEUTRAL,21.352,NORMAL,False,True,False,False,Alta (0.7-1.0)
0.494,4,SHORT,21.148,NORMAL,True,True,True,False,Media (0.3-0.55)
0.675,2,SHORT,24.767,NORMAL,False,True,False,False,Buona (0.55-0.7)
0.102,3,LONG,30.039,ELEVATED,True,False,False,False,Bassa (0-0.3)
0.994,3,NEUTRAL,21.466,NORMAL,False,True,False,False,Alta (0.7-1.0)
0.353,4,LONG,14.422,LOW,True,False,False,False,Media (0.3-0.55)
